<?xml version="1.0" encoding="utf-8"?>
<!-- Copyright 2018-2019 Eficent Business and IT Consulting Services S.L.
     License LGPL-3.0 or later (http://www.gnu.org/licenses/lgpl-3.0) -->
<odoo>

        <!-- Request-related subtypes for messaging / Chatter -->
        <record id="mt_request_to_approve" model="mail.message.subtype">
            <field name="name">Purchase Request to be approved</field>
            <field name="res_model">purchase.request</field>
            <field name="default" eval="True"/>
            <field name="description">Purchase Request to be approved</field>
        </record>

        <record id="mt_request_approved" model="mail.message.subtype">
            <field name="name">Purchase Request approved</field>
            <field name="res_model">purchase.request</field>
            <field name="default" eval="True"/>
            <field name="description">Purchase Request approved</field>
        </record>

        <record id="mt_request_rejected" model="mail.message.subtype">
            <field name="name">Purchase Request rejected</field>
            <field name="res_model">purchase.request</field>
            <field name="default" eval="True"/>
            <field name="description">Purchase Request rejected</field>
        </record>

        <record id="mt_request_done" model="mail.message.subtype">
            <field name="name">Purchase Request done</field>
            <field name="res_model">purchase.request</field>
            <field name="default" eval="True"/>
            <field name="description">Purchase Request is done</field>
        </record>

</odoo>
